categorie,nom,site,email,code_postal,departement,siren
boissons,Accueil,https://sorhobis.fr/,contact@sorhobis.fr,13690,13,493425276
boissons,Distriboissons,https://www.distriboissons.com/,contact@distriboissons.com,75017,75,403503741
boissons,Accueil,https://obiervin.fr/,contact@obiervin.fr,44110,44,
boissons,Alary Boissons Fournisseur boissons Narbonne Béziers Montpellier,https://alaryboissons.com/,alaryboissons@gmail.com,34500,34,919599266
boissons,Occitanie Boissons,https://occitanieboissons.com/,contact@occitanieboissons.com,31140,31,519664346
boissons,Rhône-Alpes Distribution,https://rhonealpesdistribution.fr/,contact@rhonealpesdistribution.fr,15405,15,789694262
boissons,Le Comptoir de la Bière,https://www.comptoirdelabiere.com/,contact@comptoirdelabiere.net,85600,85,504303702
cafe,Café artisanal torréfié en France,https://caldo-torrefaction.fr/,contact@caldo-torrefaction.fr,69124,69,884359068
cafe,Cafés Bibal Torréfacteur depuis 1955,https://cafes-bibal.fr/,info@cafes-bibal.fr,34130,34,382270536
cafe,Judicieux,https://www.judicieux.com/,atelier.judicieux@gmail.com,44000,44,
cafe,Cafés Le Gascon,https://cafes-legascon.com/,boutique@cafes-legascon.com,64320,64,
cafe,Torréfacteur de café de spécialité artisanal à Lyon : Owl Brothers,https://www.owlbrothers.com/,info@owlbrothers.com,69680,69,812731529
cafe,Café pour professionnels à Toulouse,https://www.labruleriedesfilatiers.fr/,contact@labruleriedesfilatiers.fr,31000,31,797666096
cafe,Cafés Gonéo,https://www.cafes-goneo.fr/,adv@cafes-goneo.fr,69800,69,
cafe,LOUTSA TORREFACTEUR : Café en grain,https://www.loutsa.fr/,contact@loutsa.fr,69007,69,842429185
cafe,Cafés FOLLIET,https://www.cafes-folliet.com/,contacteznous@cafes-folliet.com,73004,73,
cafe,"Torréfacteur de cafés de spécialité
– Hayuco Coffee Roasters",https://www.hayuco.coffee/,hello@hayuco.coffee,31000,31,
comptable,"Cabinet Comptable EXTENCIA situé à Bordeaux, Paris et Lyon",https://www.extencia.fr/,contact@extencia.fr,33070,33,327136016
comptable,ATACIA,https://atacia.fr/,contact@atacia.fr,33700,33,502664915
comptable,Cabinet d’expertise comptable à Paris,https://gt-expertise.fr/,contact@gt-expertise.fr,,,
comptable,Cabinets d'expertise comptable et gestion d'entreprise Bordeaux et Sud-Ouest,https://www.erecapluriel.fr/,lege@erecapluriel.fr,33800,33,
comptable,Accueil,https://www.ci33.fr/,contact@ci33.fr,33000,33,383362431
comptable,CECCA : Cabinet d'expert-comptable connecté et engagé,https://cecca.fr/,info@cecca.fr,75017,75,431303775
comptable,Expert-comptable International à Paris,https://www.interexco.fr/,contact@interexco.fr,75009,75,
comptable,KER : Expert Comptable,https://kerconseil.fr/,contact@kerconseil.fr,44100,44,977839307
comptable,Expert-Comptable Restaurant à Paris — Spécialiste Restauration,https://comptaresto.com/,contact@comptaresto.com,75017,75,948823182
comptable,Expert Comptable À Paris,https://www.moov.paris/,contact@moov.paris,75012,75,
caisse,"Solutions d'encaissement et de paiement, installation alarme et vidéosurveillance Bordeaux",https://www.tbsys.fr/,devis@tbsys.fr,33270,33,
caisse,uSEOme : Création Site Internet,https://www.useome.fr/,info@useome.fr,75005,75,
caisse,Caisse enregistreuse NF525 Hauts-de-France,https://tec-encaissements.fr/,contact@tec-encaissements.fr,59830,59,
caisse,DCB Technologies,https://dcb-technologies.fr/,contact@dcb-technologies.fr,,,
caisse,Artémis solutions,https://www.artemis-solutions.fr/,contact@artemis-solutions.fr,63700,63,
caisse,Caisse Enregistreuse & TPE à Marseille 13,https://www.sodeco-france.com/,contact@sodeco-france.com,13006,13,
caisse,Caisse enregistreuse DGsys : réinventez votre expérience de vente,https://www.dgsys.fr/,contact@dgsys.fr,44300,44,539781963
cuisine_pro,Installation et Dépannage Matériel CHR à Bordeaux,https://idcuisinepro.fr/,contact@idcuisinepro.fr,33360,33,
cuisine_pro,Cuisine professionnelle,https://www.negoce-chr.com/,info@negoce-chr.com,85160,85,
cuisine_pro,Leader de la cuisine professionnelle à Lyon et alentours,https://www.martinon.fr/,contact@martinon.cc,69360,69,389573064
cuisine_pro,"HRC Diffusion : équipement professionnel pour les restaurants, hôtels, cafés",https://www.hrcdiffusion.fr/,hrcdiffusion@gmail.com,59053,59,
cuisine_pro,"Dépanneur, installateur, maintenance cuisine professionnelle France",https://sos-chr.com/,contact@sos-chr.com,31180,31,
assurance,"GEA ᐅ Courtier en Assurance pour Château, Hôtel, Restaurant HCR",https://www.gea-assurances.com/,commercial@gea-assurances.com,91470,,
assurance,"Assurance, mutuelle et prévoyance pour restaurateurs Assur Resto",https://assurresto.com/,hello@assurresto.com,75009,,988869962
emballage,Emballage alimentaire pro pas cher,https://papafrance.fr/,contact@papafrance.fr,25347,,
emballage,SML Food Plastic: Emballage alimentaire professionnel,https://www.smlfoodplastic.fr/,contact.smlfoodplastic@gmail.com,94220,,410142285
emballage,Emballage alimentaire pas cher,https://www.packeos.com/,service.commercial@packeos.com,68000,,504351818
emballage,Emballage alimentaire professionnel : PKG FOOD,https://www.pkgfood.fr/,webcontact@pkgfood.fr,75002,,
emballage,L'emballage alimentaire est notre spécialité,https://www.jorideal.fr/,contact@jorideal.fr,42160,,
web,Agence web à Bordeaux : création de site internet,https://evico.fr/,contact@evico.fr,33000,,
web,Agence Web Béziers,https://www.publiko.fr/,contact@publiko.fr,34500,,828680553
web,Peechy,https://peechy.fr/,contact@peechy.fr,,,
web,Agence de communication Angers,https://agence-dbw.fr/,contact@agence-dbw.fr,,,
web,Agence web Nantes,https://www.latelier-conceptionweb.com/,contact@latelier-conceptionweb.com,44000,,831519350
web,Création site internet sur mesure,https://www.agence2web.com/,contact@agence2web.com,75017,,537928236
