categorie,site
boissons,https://www.charente-boissons-services.fr/
boissons,https://sorhobis.fr/
boissons,https://www.rossiboissons.fr/
boissons,https://www.tribouilletchartres.fr/
boissons,https://www.distriboissons.com/
boissons,https://montanerpietriniboissons.com/
boissons,https://www.chrboissons.com/
boissons,https://obiervin.fr/
boissons,https://www.ets-granger.fr/
boissons,https://www.atlantique-boissons.fr/
boissons,https://alaryboissons.com/
boissons,https://occitanieboissons.com/
boissons,https://rhonealpesdistribution.fr/
boissons,https://www.comptoirdelabiere.com/
cafe,https://caldo-torrefaction.fr/
cafe,https://www.cafes-breizhiliens.fr/
cafe,https://cafes-bibal.fr/
cafe,https://www.judicieux.com/
cafe,https://cafes-legascon.com/
cafe,https://www.owlbrothers.com/
cafe,https://cafes-pikaro.pro/
cafe,https://lestorrefacteurs.cafe/
cafe,https://www.labruleriedesfilatiers.fr/
cafe,https://www.cafes-goneo.fr/
cafe,https://www.loutsa.fr/
cafe,https://www.cafes-folliet.com/
cafe,https://www.hayuco.coffee/
comptable,https://www.extencia.fr/
comptable,https://atacia.fr/
comptable,https://gt-expertise.fr/
comptable,https://www.erecapluriel.fr/
comptable,https://www.ci33.fr/
comptable,https://www.compta-intouch.com/
comptable,https://cecca.fr/
comptable,https://www.experias.fr/
comptable,https://www.interexco.fr/
comptable,https://kerconseil.fr/
comptable,https://comptaresto.com/
comptable,https://expertcomptable-restauration.com/
comptable,https://www.moov.paris/
caisse,https://www.tbsys.fr/
caisse,https://www.useome.fr/
caisse,https://teg-france.fr/
caisse,https://caissesenregistreuses.fr/
caisse,https://tec-encaissements.fr/
caisse,https://6xpos.fr/
caisse,https://dcb-technologies.fr/
caisse,https://www.artemis-solutions.fr/
caisse,https://www.sodeco-france.com/
caisse,https://www.dgsys.fr/
cuisine_pro,https://idcuisinepro.fr/
cuisine_pro,https://pmequipement.fr/
cuisine_pro,https://www.negoce-chr.com/
cuisine_pro,https://www.martinon.fr/
cuisine_pro,https://www.hrcdiffusion.fr/
cuisine_pro,https://sos-chr.com/
assurance,https://satecassur.com/
assurance,https://www.gea-assurances.com/
assurance,https://pilliot-assurances.com/
assurance,https://www.pantheonconseil.com/
assurance,https://assurresto.com/
emballage,https://papafrance.fr/
emballage,https://www.smlfoodplastic.fr/
emballage,https://www.packeos.com/
emballage,https://www.pkgfood.fr/
emballage,https://packvert.com/
emballage,https://www.jorideal.fr/
web,https://azelty.fr/
web,https://agence-communication-restauration.fr/
web,https://evico.fr/
web,https://www.publiko.fr/
web,https://agence-web-armor.fr/
web,https://peechy.fr/
web,https://agence-dbw.fr/
web,https://www.latelier-conceptionweb.com/
web,https://www.agence2web.com/
