email,nom,categorie,site,zone,statut,date_email1,date_relance1,date_relance2,date_reponse,notes
contact@sorhobis.fr,Accueil,boissons,https://sorhobis.fr/,dans les Bouches-du-Rhône,à valider,,,,,
contact@distriboissons.com,Distriboissons,boissons,https://www.distriboissons.com/,à Paris,à valider,,,,,
contact@obiervin.fr,Accueil,boissons,https://obiervin.fr/,en Loire-Atlantique,à valider,,,,,
alaryboissons@gmail.com,Alary Boissons Fournisseur boissons Narbonne Béziers Montpellier,boissons,https://alaryboissons.com/,dans l'Hérault,à valider,,,,,
contact@occitanieboissons.com,Occitanie Boissons,boissons,https://occitanieboissons.com/,en Haute-Garonne,à valider,,,,,
contact@rhonealpesdistribution.fr,Rhône-Alpes Distribution,boissons,https://rhonealpesdistribution.fr/,dans le Rhône,à valider,,,,,
contact@comptoirdelabiere.net,Le Comptoir de la Bière,boissons,https://www.comptoirdelabiere.com/,en Vendée,à valider,,,,,
contact@caldo-torrefaction.fr,Café artisanal torréfié en France,cafe,https://caldo-torrefaction.fr/,dans le Rhône,à valider,,,,,
info@cafes-bibal.fr,Cafés Bibal Torréfacteur depuis 1955,cafe,https://cafes-bibal.fr/,dans l'Hérault,à valider,,,,,
atelier.judicieux@gmail.com,Judicieux,cafe,https://www.judicieux.com/,en Loire-Atlantique,à valider,,,,,
boutique@cafes-legascon.com,Cafés Le Gascon,cafe,https://cafes-legascon.com/,dans les Pyrénées-Atlantiques,à valider,,,,,
info@owlbrothers.com,Torréfacteur de café de spécialité artisanal à Lyon : Owl Brothers,cafe,https://www.owlbrothers.com/,dans le Rhône,à valider,,,,,
contact@labruleriedesfilatiers.fr,Café pour professionnels à Toulouse,cafe,https://www.labruleriedesfilatiers.fr/,en Haute-Garonne,à valider,,,,,
adv@cafes-goneo.fr,Cafés Gonéo,cafe,https://www.cafes-goneo.fr/,dans le Rhône,à valider,,,,,
contact@loutsa.fr,LOUTSA TORREFACTEUR : Café en grain,cafe,https://www.loutsa.fr/,dans le Rhône,à valider,,,,,
contacteznous@cafes-folliet.com,Cafés FOLLIET,cafe,https://www.cafes-folliet.com/,en Savoie,à valider,,,,,
hello@hayuco.coffee,"Torréfacteur de cafés de spécialité
– Hayuco Coffee Roasters",cafe,https://www.hayuco.coffee/,en Haute-Garonne,à valider,,,,,
contact@extencia.fr,"Cabinet Comptable EXTENCIA situé à Bordeaux, Paris et Lyon",comptable,https://www.extencia.fr/,en Gironde,à valider,,,,,
contact@atacia.fr,ATACIA,comptable,https://atacia.fr/,en Gironde,à valider,,,,,
contact@gt-expertise.fr,Cabinet d’expertise comptable à Paris,comptable,https://gt-expertise.fr/,en France,à valider,,,,,
lege@erecapluriel.fr,Cabinets d'expertise comptable et gestion d'entreprise Bordeaux et Sud-Ouest,comptable,https://www.erecapluriel.fr/,en Gironde,à valider,,,,,
contact@ci33.fr,Accueil,comptable,https://www.ci33.fr/,en Gironde,à valider,,,,,
info@cecca.fr,CECCA : Cabinet d'expert-comptable connecté et engagé,comptable,https://cecca.fr/,à Paris,à valider,,,,,
contact@interexco.fr,Expert-comptable International à Paris,comptable,https://www.interexco.fr/,à Paris,à valider,,,,,
contact@kerconseil.fr,KER : Expert Comptable,comptable,https://kerconseil.fr/,en Loire-Atlantique,à valider,,,,,
contact@comptaresto.com,Expert-Comptable Restaurant à Paris — Spécialiste Restauration,comptable,https://comptaresto.com/,à Paris,à valider,,,,,
contact@moov.paris,Expert Comptable À Paris,comptable,https://www.moov.paris/,à Paris,à valider,,,,,
devis@tbsys.fr,"Solutions d'encaissement et de paiement, installation alarme et vidéosurveillance Bordeaux",caisse,https://www.tbsys.fr/,en Gironde,à valider,,,,,
info@useome.fr,uSEOme : Création Site Internet,caisse,https://www.useome.fr/,à Paris,à valider,,,,,
contact@tec-encaissements.fr,Caisse enregistreuse NF525 Hauts-de-France,caisse,https://tec-encaissements.fr/,dans le Nord,à valider,,,,,
contact@dcb-technologies.fr,DCB Technologies,caisse,https://dcb-technologies.fr/,en France,à valider,,,,,
contact@artemis-solutions.fr,Artémis solutions,caisse,https://www.artemis-solutions.fr/,dans le Puy-de-Dôme,à valider,,,,,
contact@sodeco-france.com,Caisse Enregistreuse & TPE à Marseille 13,caisse,https://www.sodeco-france.com/,dans les Bouches-du-Rhône,à valider,,,,,
contact@dgsys.fr,Caisse enregistreuse DGsys : réinventez votre expérience de vente,caisse,https://www.dgsys.fr/,en Loire-Atlantique,à valider,,,,,
contact@idcuisinepro.fr,Installation et Dépannage Matériel CHR à Bordeaux,cuisine_pro,https://idcuisinepro.fr/,en Gironde,à valider,,,,,
info@negoce-chr.com,Cuisine professionnelle,cuisine_pro,https://www.negoce-chr.com/,en Vendée,à valider,,,,,
contact@martinon.cc,Leader de la cuisine professionnelle à Lyon et alentours,cuisine_pro,https://www.martinon.fr/,dans le Rhône,à valider,,,,,
hrcdiffusion@gmail.com,"HRC Diffusion : équipement professionnel pour les restaurants, hôtels, cafés",cuisine_pro,https://www.hrcdiffusion.fr/,en Haute-Garonne,à valider,,,,,
contact@sos-chr.com,"Dépanneur, installateur, maintenance cuisine professionnelle France",cuisine_pro,https://sos-chr.com/,en Haute-Garonne,à valider,,,,,
commercial@gea-assurances.com,"GEA ᐅ Courtier en Assurance pour Château, Hôtel, Restaurant HCR",assurance,https://www.gea-assurances.com/,en France,à valider,,,,,
hello@assurresto.com,"Assurance, mutuelle et prévoyance pour restaurateurs Assur Resto",assurance,https://assurresto.com/,en France,à valider,,,,,
contact@papafrance.fr,Emballage alimentaire pro pas cher,emballage,https://papafrance.fr/,en France,à valider,,,,,
contact.smlfoodplastic@gmail.com,SML Food Plastic: Emballage alimentaire professionnel,emballage,https://www.smlfoodplastic.fr/,en France,à valider,,,,,
service.commercial@packeos.com,Emballage alimentaire pas cher,emballage,https://www.packeos.com/,en France,à valider,,,,,
webcontact@pkgfood.fr,Emballage alimentaire professionnel : PKG FOOD,emballage,https://www.pkgfood.fr/,en France,à valider,,,,,
contact@jorideal.fr,L'emballage alimentaire est notre spécialité,emballage,https://www.jorideal.fr/,en France,à valider,,,,,
contact@evico.fr,Agence web à Bordeaux : création de site internet,web,https://evico.fr/,en Gironde,à valider,,,,,
contact@publiko.fr,Agence Web Béziers,web,https://www.publiko.fr/,dans l'Hérault,à valider,,,,,
contact@peechy.fr,Peechy,web,https://peechy.fr/,en France,à valider,,,,,
contact@agence-dbw.fr,Agence de communication Angers,web,https://agence-dbw.fr/,en Maine-et-Loire,à valider,,,,,
contact@latelier-conceptionweb.com,Agence web Nantes,web,https://www.latelier-conceptionweb.com/,en Loire-Atlantique,à valider,,,,,
contact@agence2web.com,Création site internet sur mesure,web,https://www.agence2web.com/,en France,à valider,,,,,
